{"companyName":"Renegadeware","productName":"Food Prepper Safety First","version":"1.1.1","unityVersion":"2019.2.20f1","sdkVersion":4,"webglSettings":{"memorySize":"16","exceptionSupport":"ExplicitlyThrownExceptionsOnly","dataCaching":"True","emscriptenArgs":"","modulesDirectory":"","template":"PROJECT:lol-template","analyzeBuildSize":"False","useEmbeddedResources":"False","threadsSupport":"False","linkerTarget":"Wasm","compressionFormat":"Gzip","nameFilesAsHashes":"False","debugSymbols":"False","wasmStreaming":"False"},"dir":["Assets\\Gizmos","Assets\\LegendsOfLearning-Example","Assets\\LegendsOfLearning-Example\\Art","Assets\\LegendsOfLearning-Example\\Art\\Textures","Assets\\LegendsOfLearning-Example\\Art\\Textures\\Examples","Assets\\LegendsOfLearning-Example\\Art\\Textures\\Examples\\Buttons","Assets\\LegendsOfLearning-Example\\Scenes","Assets\\LegendsOfLearning-Example\\Scenes\\Test","Assets\\LegendsOfLearning-Example\\Scripts","Assets\\PlayMaker","Assets\\PlayMaker\\Resources","Assets\\Renegadeware","Assets\\Renegadeware\\Art","Assets\\Renegadeware\\Art\\Atlas","Assets\\Renegadeware\\Art\\KitchenFurniture","Assets\\Renegadeware\\Art\\KitchenFurniture\\Materials","Assets\\Renegadeware\\Art\\KitchenFurniture\\Models","Assets\\Renegadeware\\Art\\KitchenFurniture\\Prefabs","Assets\\Renegadeware\\Art\\KitchenFurniture\\Scenes","Assets\\Renegadeware\\Art\\KitchenFurniture\\Scenes\\DemoScene","Assets\\Renegadeware\\Art\\KitchenFurniture\\Scenes\\DemoSceneAssets","Assets\\Renegadeware\\Art\\KitchenFurniture\\Scenes\\DemoSceneAssets\\Materials","Assets\\Renegadeware\\Art\\KitchenFurniture\\Scenes\\DemoSceneAssets\\Models","Assets\\Renegadeware\\Art\\KitchenFurniture\\Scenes\\DemoSceneAssets\\Textures","Assets\\Renegadeware\\Art\\KitchenFurniture\\Textures","Assets\\Renegadeware\\Art\\Materials","Assets\\Renegadeware\\Art\\Models","Assets\\Renegadeware\\Art\\Models\\Thermometer","Assets\\Renegadeware\\Art\\Palettes","Assets\\Renegadeware\\Art\\Sprites","Assets\\Renegadeware\\Art\\Sprites\\Characters","Assets\\Renegadeware\\Art\\Sprites\\Characters\\Others","Assets\\Renegadeware\\Art\\Sprites\\Characters\\Server","Assets\\Renegadeware\\Art\\Sprites\\Common","Assets\\Renegadeware\\Art\\Sprites\\Food","Assets\\Renegadeware\\Art\\Sprites\\FX","Assets\\Renegadeware\\Art\\Sprites\\Thermometer","Assets\\Renegadeware\\Art\\Sprites\\UI","Assets\\Renegadeware\\Art\\Textures","Assets\\Renegadeware\\Audio","Assets\\Renegadeware\\Audio\\Music","Assets\\Renegadeware\\Audio\\Sound","Assets\\Renegadeware\\Data","Assets\\Renegadeware\\Data\\Animations","Assets\\Renegadeware\\Data\\Foods","Assets\\Renegadeware\\Data\\Game","Assets\\Renegadeware\\Data\\Signals","Assets\\Renegadeware\\Data\\Signals\\Game","Assets\\Renegadeware\\Data\\Signals\\Gameflow","Assets\\Renegadeware\\Editor","Assets\\Renegadeware\\Plugins","Assets\\Renegadeware\\Plugins\\PlayMaker","Assets\\Renegadeware\\Plugins\\PlayMaker\\Metro","Assets\\Renegadeware\\Plugins\\PlayMaker\\WebGL","Assets\\Renegadeware\\Plugins\\PlayMaker\\WP8","Assets\\Renegadeware\\Prefabs","Assets\\Renegadeware\\Prefabs\\Game","Assets\\Renegadeware\\Prefabs\\UI","Assets\\Renegadeware\\Resources","Assets\\Renegadeware\\Scenes","Assets\\Renegadeware\\Scenes\\main","Assets\\Renegadeware\\Scripts","Assets\\Renegadeware\\Scripts\\Actions","Assets\\Renegadeware\\Scripts\\Game","Assets\\Renegadeware\\Scripts\\Shapes2D","Assets\\Renegadeware\\Scripts\\Shapes2D\\Editor","Assets\\Renegadeware\\Scripts\\UI","Assets\\Renegadeware\\Scripts\\UI\\Modals","Assets\\Renegadeware\\Scripts\\UI\\Widgets","Assets\\Renegadeware\\ThirdParty","Assets\\Renegadeware\\ThirdParty\\DOTween","Assets\\Renegadeware\\ThirdParty\\DOTween\\Editor","Assets\\Renegadeware\\ThirdParty\\DOTween\\Editor\\Imgs","Assets\\Renegadeware\\ThirdParty\\DOTween\\Modules","Assets\\Renegadeware\\ThirdParty\\LoLExt","Assets\\Renegadeware\\ThirdParty\\LoLExt\\Common","Assets\\Renegadeware\\ThirdParty\\LoLExt\\Common\\Input","Assets\\Renegadeware\\ThirdParty\\LoLExt\\Common\\Prefabs","Assets\\Renegadeware\\ThirdParty\\LoLExt\\Common\\Signals","Assets\\Renegadeware\\ThirdParty\\LoLExt\\Data","Assets\\Renegadeware\\ThirdParty\\LoLExt\\Editor","Assets\\Renegadeware\\ThirdParty\\LoLExt\\Editor\\Game","Assets\\Renegadeware\\ThirdParty\\LoLExt\\PlayMakerExt","Assets\\Renegadeware\\ThirdParty\\LoLExt\\PlayMakerExt\\Actions","Assets\\Renegadeware\\ThirdParty\\LoLExt\\PlayMakerExt\\Templates","Assets\\Renegadeware\\ThirdParty\\LoLExt\\Scripts","Assets\\Renegadeware\\ThirdParty\\LoLExt\\Scripts\\Game","Assets\\Renegadeware\\ThirdParty\\LoLExt\\Scripts\\UI","Assets\\Renegadeware\\ThirdParty\\LoLExt\\Scripts\\UI\\Modals","Assets\\Renegadeware\\ThirdParty\\LoLExt\\Scripts\\UI\\Widgets","Assets\\Renegadeware\\ThirdParty\\M8","Assets\\Renegadeware\\ThirdParty\\M8\\Common","Assets\\Renegadeware\\ThirdParty\\M8\\Common\\ConsoleUI","Assets\\Renegadeware\\ThirdParty\\M8\\Common\\Fonts","Assets\\Renegadeware\\ThirdParty\\M8\\Common\\Input","Assets\\Renegadeware\\ThirdParty\\M8\\Common\\Signals","Assets\\Renegadeware\\ThirdParty\\M8\\Common\\TransitionFX","Assets\\Renegadeware\\ThirdParty\\M8\\Common\\UI","Assets\\Renegadeware\\ThirdParty\\M8\\Editor","Assets\\Renegadeware\\ThirdParty\\M8\\Editor\\2D","Assets\\Renegadeware\\ThirdParty\\M8\\Editor\\Camera","Assets\\Renegadeware\\ThirdParty\\M8\\Editor\\Color","Assets\\Renegadeware\\ThirdParty\\M8\\Editor\\Game","Assets\\Renegadeware\\ThirdParty\\M8\\Editor\\Input","Assets\\Renegadeware\\ThirdParty\\M8\\Editor\\Localization","Assets\\Renegadeware\\ThirdParty\\M8\\Editor\\Physics2D","Assets\\Renegadeware\\ThirdParty\\M8\\Editor\\PropertyDrawers","Assets\\Renegadeware\\ThirdParty\\M8\\Editor\\Renderer","Assets\\Renegadeware\\ThirdParty\\M8\\Editor\\Scene","Assets\\Renegadeware\\ThirdParty\\M8\\Editor\\Serializer","Assets\\Renegadeware\\ThirdParty\\M8\\Editor\\Shader","Assets\\Renegadeware\\ThirdParty\\M8\\Editor\\Tools","Assets\\Renegadeware\\ThirdParty\\M8\\Editor\\Transform","Assets\\Renegadeware\\ThirdParty\\M8\\Editor\\UI","Assets\\Renegadeware\\ThirdParty\\M8\\Editor\\UI\\Layouts","Assets\\Renegadeware\\ThirdParty\\M8\\Editor\\UI\\Widgets","Assets\\Renegadeware\\ThirdParty\\M8\\Editor\\UserData","Assets\\Renegadeware\\ThirdParty\\M8\\Materials","Assets\\Renegadeware\\ThirdParty\\M8\\Materials\\Sprite","Assets\\Renegadeware\\ThirdParty\\M8\\Prefabs","Assets\\Renegadeware\\ThirdParty\\M8\\Scripts","Assets\\Renegadeware\\ThirdParty\\M8\\Scripts\\2D","Assets\\Renegadeware\\ThirdParty\\M8\\Scripts\\Audio","Assets\\Renegadeware\\ThirdParty\\M8\\Scripts\\Auxiliary","Assets\\Renegadeware\\ThirdParty\\M8\\Scripts\\Camera","Assets\\Renegadeware\\ThirdParty\\M8\\Scripts\\Color","Assets\\Renegadeware\\ThirdParty\\M8\\Scripts\\Console","Assets\\Renegadeware\\ThirdParty\\M8\\Scripts\\Debug","Assets\\Renegadeware\\ThirdParty\\M8\\Scripts\\Extensions","Assets\\Renegadeware\\ThirdParty\\M8\\Scripts\\Game","Assets\\Renegadeware\\ThirdParty\\M8\\Scripts\\GameObject","Assets\\Renegadeware\\ThirdParty\\M8\\Scripts\\Gizmos","Assets\\Renegadeware\\ThirdParty\\M8\\Scripts\\Input","Assets\\Renegadeware\\ThirdParty\\M8\\Scripts\\Localization","Assets\\Renegadeware\\ThirdParty\\M8\\Scripts\\Maths","Assets\\Renegadeware\\ThirdParty\\M8\\Scripts\\Modal","Assets\\Renegadeware\\ThirdParty\\M8\\Scripts\\Modal\\Dialogs","Assets\\Renegadeware\\ThirdParty\\M8\\Scripts\\Modal\\Events","Assets\\Renegadeware\\ThirdParty\\M8\\Scripts\\Modal\\Helpers","Assets\\Renegadeware\\ThirdParty\\M8\\Scripts\\Particle","Assets\\Renegadeware\\ThirdParty\\M8\\Scripts\\Physics","Assets\\Renegadeware\\ThirdParty\\M8\\Scripts\\Physics2D","Assets\\Renegadeware\\ThirdParty\\M8\\Scripts\\Properties","Assets\\Renegadeware\\ThirdParty\\M8\\Scripts\\Renderer","Assets\\Renegadeware\\ThirdParty\\M8\\Scripts\\ResourceManager","Assets\\Renegadeware\\ThirdParty\\M8\\Scripts\\Scene","Assets\\Renegadeware\\ThirdParty\\M8\\Scripts\\Shader","Assets\\Renegadeware\\ThirdParty\\M8\\Scripts\\Signals","Assets\\Renegadeware\\ThirdParty\\M8\\Scripts\\Transform","Assets\\Renegadeware\\ThirdParty\\M8\\Scripts\\Transition","Assets\\Renegadeware\\ThirdParty\\M8\\Scripts\\Transition\\Types","Assets\\Renegadeware\\ThirdParty\\M8\\Scripts\\UI","Assets\\Renegadeware\\ThirdParty\\M8\\Scripts\\UI\\Events","Assets\\Renegadeware\\ThirdParty\\M8\\Scripts\\UI\\Graphics","Assets\\Renegadeware\\ThirdParty\\M8\\Scripts\\UI\\Helpers","Assets\\Renegadeware\\ThirdParty\\M8\\Scripts\\UI\\InputField","Assets\\Renegadeware\\ThirdParty\\M8\\Scripts\\UI\\Layouts","Assets\\Renegadeware\\ThirdParty\\M8\\Scripts\\UI\\Texts","Assets\\Renegadeware\\ThirdParty\\M8\\Scripts\\UI\\Transforms","Assets\\Renegadeware\\ThirdParty\\M8\\Scripts\\UI\\Widgets","Assets\\Renegadeware\\ThirdParty\\M8\\Scripts\\UserData","Assets\\Renegadeware\\ThirdParty\\M8\\Scripts\\Utils","Assets\\Renegadeware\\ThirdParty\\M8\\Shaders","Assets\\Renegadeware\\ThirdParty\\M8\\Shaders\\2D","Assets\\Renegadeware\\ThirdParty\\M8\\Shaders\\ProBuilder","Assets\\Renegadeware\\ThirdParty\\M8\\Shaders\\Skybox","Assets\\Renegadeware\\ThirdParty\\M8\\Shaders\\Sprite","Assets\\Renegadeware\\ThirdParty\\M8\\Shaders\\Toon","Assets\\Renegadeware\\ThirdParty\\M8\\Shaders\\Transition","Assets\\Renegadeware\\ThirdParty\\M8\\Shaders\\Unlit","Assets\\Renegadeware\\ThirdParty\\M8Animator","Assets\\Renegadeware\\ThirdParty\\M8Animator\\Editor","Assets\\Renegadeware\\ThirdParty\\M8Animator\\Examples","Assets\\Renegadeware\\ThirdParty\\M8Animator\\Examples\\Animation","Assets\\Renegadeware\\ThirdParty\\M8Animator\\Examples\\Audio","Assets\\Renegadeware\\ThirdParty\\M8Animator\\Examples\\Scenes","Assets\\Renegadeware\\ThirdParty\\M8Animator\\Resources","Assets\\Renegadeware\\ThirdParty\\M8Animator\\Scripts","Assets\\Renegadeware\\ThirdParty\\M8Animator\\Scripts\\Core","Assets\\Renegadeware\\ThirdParty\\M8Animator\\Scripts\\Interfaces","Assets\\Renegadeware\\ThirdParty\\M8Animator\\Scripts\\Keys","Assets\\Renegadeware\\ThirdParty\\M8Animator\\Scripts\\Tracks","Assets\\Renegadeware\\ThirdParty\\M8Animator\\Shaders","Assets\\Renegadeware\\ThirdParty\\M8Animator\\Skins","Assets\\Renegadeware\\ThirdParty\\M8Animator\\Skins\\Global","Assets\\Renegadeware\\ThirdParty\\M8Animator\\Skins\\Skin Dark","Assets\\Renegadeware\\ThirdParty\\M8Animator\\Skins\\Skin Light","Assets\\Renegadeware\\ThirdParty\\M8Animator\\Textures","Assets\\Renegadeware\\ThirdParty\\M8Animator\\TexturesEditor","Assets\\Renegadeware\\ThirdParty\\M8AnimatorExt","Assets\\Renegadeware\\ThirdParty\\M8AnimatorExt\\Scripts","Assets\\Renegadeware\\ThirdParty\\M8AnimatorPlayMaker","Assets\\Renegadeware\\ThirdParty\\M8AnimatorPlayMaker\\Actions","Assets\\Renegadeware\\ThirdParty\\M8PlayMaker","Assets\\Renegadeware\\ThirdParty\\M8PlayMaker\\Actions","Assets\\Renegadeware\\ThirdParty\\M8PlayMaker\\Actions\\Audio","Assets\\Renegadeware\\ThirdParty\\M8PlayMaker\\Actions\\FSM","Assets\\Renegadeware\\ThirdParty\\M8PlayMaker\\Actions\\GameObject","Assets\\Renegadeware\\ThirdParty\\M8PlayMaker\\Actions\\Input","Assets\\Renegadeware\\ThirdParty\\M8PlayMaker\\Actions\\Localize","Assets\\Renegadeware\\ThirdParty\\M8PlayMaker\\Actions\\Modal","Assets\\Renegadeware\\ThirdParty\\M8PlayMaker\\Actions\\ParticleSystem","Assets\\Renegadeware\\ThirdParty\\M8PlayMaker\\Actions\\Pool","Assets\\Renegadeware\\ThirdParty\\M8PlayMaker\\Actions\\Rigidbody2D","Assets\\Renegadeware\\ThirdParty\\M8PlayMaker\\Actions\\Scene","Assets\\Renegadeware\\ThirdParty\\M8PlayMaker\\Actions\\SceneSerializer","Assets\\Renegadeware\\ThirdParty\\M8PlayMaker\\Actions\\Signal","Assets\\Renegadeware\\ThirdParty\\M8PlayMaker\\Actions\\State","Assets\\Renegadeware\\ThirdParty\\M8PlayMaker\\Actions\\Transform","Assets\\Renegadeware\\ThirdParty\\M8PlayMaker\\Actions\\UserData","Assets\\Renegadeware\\ThirdParty\\M8PlayMaker\\Editor","Assets\\Renegadeware\\ThirdParty\\M8PlayMaker\\Fields","Assets\\Renegadeware\\ThirdParty\\M8SpreadsheetParser","Assets\\Renegadeware\\ThirdParty\\M8SpreadsheetParser\\Editor","Assets\\Renegadeware\\ThirdParty\\M8SpreadsheetParser\\Editor\\Excel","Assets\\Renegadeware\\ThirdParty\\M8SpreadsheetParser\\Editor\\Excel\\NPOI","Assets\\Renegadeware\\ThirdParty\\M8SpreadsheetParser\\Editor\\Google","Assets\\Renegadeware\\ThirdParty\\M8SpreadsheetParser\\Editor\\Google\\GData","Assets\\Renegadeware\\ThirdParty\\M8SpreadsheetParser\\Scripts","Assets\\Renegadeware\\ThirdParty\\M8SpreadsheetParser\\Scripts\\Google","Assets\\Renegadeware\\ThirdParty\\PlayMaker","Assets\\Renegadeware\\ThirdParty\\PlayMaker\\Actions","Assets\\Renegadeware\\ThirdParty\\PlayMaker\\Actions\\AnimateVariables","Assets\\Renegadeware\\ThirdParty\\PlayMaker\\Actions\\Animation","Assets\\Renegadeware\\ThirdParty\\PlayMaker\\Actions\\Animator","Assets\\Renegadeware\\ThirdParty\\PlayMaker\\Actions\\Animator\\BaseClasses","Assets\\Renegadeware\\ThirdParty\\PlayMaker\\Actions\\Animator\\Editor","Assets\\Renegadeware\\ThirdParty\\PlayMaker\\Actions\\Animator\\Editor\\BaseClasses","Assets\\Renegadeware\\ThirdParty\\PlayMaker\\Actions\\Application","Assets\\Renegadeware\\ThirdParty\\PlayMaker\\Actions\\Array","Assets\\Renegadeware\\ThirdParty\\PlayMaker\\Actions\\Audio","Assets\\Renegadeware\\ThirdParty\\PlayMaker\\Actions\\Camera","Assets\\Renegadeware\\ThirdParty\\PlayMaker\\Actions\\Character","Assets\\Renegadeware\\ThirdParty\\PlayMaker\\Actions\\Color","Assets\\Renegadeware\\ThirdParty\\PlayMaker\\Actions\\Convert","Assets\\Renegadeware\\ThirdParty\\PlayMaker\\Actions\\Debug","Assets\\Renegadeware\\ThirdParty\\PlayMaker\\Actions\\Device","Assets\\Renegadeware\\ThirdParty\\PlayMaker\\Actions\\Editor","Assets\\Renegadeware\\ThirdParty\\PlayMaker\\Actions\\Effects","Assets\\Renegadeware\\ThirdParty\\PlayMaker\\Actions\\Enum","Assets\\Renegadeware\\ThirdParty\\PlayMaker\\Actions\\GameObject","Assets\\Renegadeware\\ThirdParty\\PlayMaker\\Actions\\GUI","Assets\\Renegadeware\\ThirdParty\\PlayMaker\\Actions\\GUIElement","Assets\\Renegadeware\\ThirdParty\\PlayMaker\\Actions\\GUILayout","Assets\\Renegadeware\\ThirdParty\\PlayMaker\\Actions\\Input","Assets\\Renegadeware\\ThirdParty\\PlayMaker\\Actions\\Level","Assets\\Renegadeware\\ThirdParty\\PlayMaker\\Actions\\Lights","Assets\\Renegadeware\\ThirdParty\\PlayMaker\\Actions\\Logic","Assets\\Renegadeware\\ThirdParty\\PlayMaker\\Actions\\Material","Assets\\Renegadeware\\ThirdParty\\PlayMaker\\Actions\\Math","Assets\\Renegadeware\\ThirdParty\\PlayMaker\\Actions\\Mesh","Assets\\Renegadeware\\ThirdParty\\PlayMaker\\Actions\\Movie","Assets\\Renegadeware\\ThirdParty\\PlayMaker\\Actions\\Physics","Assets\\Renegadeware\\ThirdParty\\PlayMaker\\Actions\\Physics2D","Assets\\Renegadeware\\ThirdParty\\PlayMaker\\Actions\\PlayerPrefs","Assets\\Renegadeware\\ThirdParty\\PlayMaker\\Actions\\ProceduralMaterial","Assets\\Renegadeware\\ThirdParty\\PlayMaker\\Actions\\Quaternion","Assets\\Renegadeware\\ThirdParty\\PlayMaker\\Actions\\Quaternion\\Editor","Assets\\Renegadeware\\ThirdParty\\PlayMaker\\Actions\\Rect","Assets\\Renegadeware\\ThirdParty\\PlayMaker\\Actions\\RectTransform","Assets\\Renegadeware\\ThirdParty\\PlayMaker\\Actions\\RenderSettings","Assets\\Renegadeware\\ThirdParty\\PlayMaker\\Actions\\SceneManager","Assets\\Renegadeware\\ThirdParty\\PlayMaker\\Actions\\SceneManager\\Editor","Assets\\Renegadeware\\ThirdParty\\PlayMaker\\Actions\\SceneManager\\Editor\\Internal","Assets\\Renegadeware\\ThirdParty\\PlayMaker\\Actions\\SceneManager\\Internal","Assets\\Renegadeware\\ThirdParty\\PlayMaker\\Actions\\ScriptControl","Assets\\Renegadeware\\ThirdParty\\PlayMaker\\Actions\\StateMachine","Assets\\Renegadeware\\ThirdParty\\PlayMaker\\Actions\\String","Assets\\Renegadeware\\ThirdParty\\PlayMaker\\Actions\\Time","Assets\\Renegadeware\\ThirdParty\\PlayMaker\\Actions\\Transform","Assets\\Renegadeware\\ThirdParty\\PlayMaker\\Actions\\Trigonometry","Assets\\Renegadeware\\ThirdParty\\PlayMaker\\Actions\\UI","Assets\\Renegadeware\\ThirdParty\\PlayMaker\\Actions\\UI\\Canvas","Assets\\Renegadeware\\ThirdParty\\PlayMaker\\Actions\\UI\\Components","Assets\\Renegadeware\\ThirdParty\\PlayMaker\\Actions\\UI\\Editor","Assets\\Renegadeware\\ThirdParty\\PlayMaker\\Actions\\UI\\EventSystem","Assets\\Renegadeware\\ThirdParty\\PlayMaker\\Actions\\UI\\Layout","Assets\\Renegadeware\\ThirdParty\\PlayMaker\\Actions\\UI\\Selectable","Assets\\Renegadeware\\ThirdParty\\PlayMaker\\Actions\\UnityObject","Assets\\Renegadeware\\ThirdParty\\PlayMaker\\Actions\\Vector2","Assets\\Renegadeware\\ThirdParty\\PlayMaker\\Actions\\Vector3","Assets\\Renegadeware\\ThirdParty\\PlayMaker\\Actions\\Web","Assets\\Renegadeware\\ThirdParty\\PlayMaker\\Editor","Assets\\Renegadeware\\ThirdParty\\PlayMaker\\Editor\\de","Assets\\Renegadeware\\ThirdParty\\PlayMaker\\Editor\\es-ES","Assets\\Renegadeware\\ThirdParty\\PlayMaker\\Editor\\fr","Assets\\Renegadeware\\ThirdParty\\PlayMaker\\Editor\\Install","Assets\\Renegadeware\\ThirdParty\\PlayMaker\\Editor\\it","Assets\\Renegadeware\\ThirdParty\\PlayMaker\\Editor\\ja","Assets\\Renegadeware\\ThirdParty\\PlayMaker\\Editor\\nl","Assets\\Renegadeware\\ThirdParty\\PlayMaker\\Editor\\pt-BR","Assets\\Renegadeware\\ThirdParty\\PlayMaker\\Editor\\Resources","Assets\\Renegadeware\\ThirdParty\\PlayMaker\\Editor\\sv-SE","Assets\\Renegadeware\\ThirdParty\\PlayMaker\\Editor\\tr","Assets\\Renegadeware\\ThirdParty\\PlayMaker\\Editor\\Watermarks","Assets\\Renegadeware\\ThirdParty\\PlayMaker\\Editor\\zh-CN","Assets\\Renegadeware\\ThirdParty\\PlayMaker\\Editor\\zh-TW","Assets\\Renegadeware\\ThirdParty\\PlayMaker\\Resources","Assets\\Renegadeware\\ThirdParty\\PlayMaker\\Templates","Assets\\Renegadeware\\ThirdParty\\PlayMaker\\Versions","Assets\\Renegadeware\\ThirdParty\\Shapes2D","Assets\\Renegadeware\\ThirdParty\\Shapes2D\\Editor","Assets\\Renegadeware\\ThirdParty\\Shapes2D\\Resources","Assets\\Renegadeware\\ThirdParty\\Shapes2D\\Resources\\Shapes2D","Assets\\Renegadeware\\ThirdParty\\Shapes2D\\Resources\\Shapes2D\\Materials","Assets\\Renegadeware\\ThirdParty\\Shapes2D\\Resources\\Shapes2D\\Prefabs","Assets\\Renegadeware\\ThirdParty\\Shapes2D\\Scripts","Assets\\Renegadeware\\ThirdParty\\Shapes2D\\Shaders","Assets\\Renegadeware\\ThirdParty\\UIExt","Assets\\Renegadeware\\ThirdParty\\UIExt\\Editor","Assets\\Renegadeware\\ThirdParty\\UIExt\\Resources","Assets\\Renegadeware\\ThirdParty\\UIExt\\Resources\\Shaders","Assets\\Renegadeware\\ThirdParty\\UIExt\\Scripts","Assets\\Renegadeware\\ThirdParty\\UIExt\\Scripts\\Controls","Assets\\Renegadeware\\ThirdParty\\UIExt\\Scripts\\Controls\\Accordion","Assets\\Renegadeware\\ThirdParty\\UIExt\\Scripts\\Controls\\Accordion\\Tweening","Assets\\Renegadeware\\ThirdParty\\UIExt\\Scripts\\Controls\\ColorPicker","Assets\\Renegadeware\\ThirdParty\\UIExt\\Scripts\\Controls\\ColorPicker\\Events","Assets\\Renegadeware\\ThirdParty\\UIExt\\Scripts\\Controls\\ComboBox","Assets\\Renegadeware\\ThirdParty\\UIExt\\Scripts\\Controls\\ReorderableList","Assets\\Renegadeware\\ThirdParty\\UIExt\\Scripts\\Controls\\RescalingPanels","Assets\\Renegadeware\\ThirdParty\\UIExt\\Scripts\\Controls\\SelectionBox","Assets\\Renegadeware\\ThirdParty\\UIExt\\Scripts\\Effects","Assets\\Renegadeware\\ThirdParty\\UIExt\\Scripts\\Effects\\CurlyUI","Assets\\Renegadeware\\ThirdParty\\UIExt\\Scripts\\Effects\\ShaderEffects","Assets\\Renegadeware\\ThirdParty\\UIExt\\Scripts\\Layout","Assets\\Renegadeware\\ThirdParty\\UIExt\\Scripts\\Layout\\CardUI","Assets\\Renegadeware\\ThirdParty\\UIExt\\Scripts\\Layout\\CardUI\\2D Cards","Assets\\Renegadeware\\ThirdParty\\UIExt\\Scripts\\Layout\\CardUI\\3D Cards","Assets\\Renegadeware\\ThirdParty\\UIExt\\Scripts\\Layout\\CardUI\\Superellipse Creation","Assets\\Renegadeware\\ThirdParty\\UIExt\\Scripts\\MenuSystem","Assets\\Renegadeware\\ThirdParty\\UIExt\\Scripts\\Primitives","Assets\\Renegadeware\\ThirdParty\\UIExt\\Scripts\\ToolTips","Assets\\Renegadeware\\ThirdParty\\UIExt\\Scripts\\ToolTips\\BoundTooltip","Assets\\Renegadeware\\ThirdParty\\UIExt\\Scripts\\Utilities","Assets\\Renegadeware\\_Mockup","Assets\\Scripts","Assets\\Scripts\\Data","Assets\\Scripts\\Editor","Assets\\Scripts\\Generated","Assets\\Scripts\\Generated\\ProjectKeys","Assets\\Scripts\\Generated\\State","Assets\\Scripts\\Helper","Assets\\StreamingAssets","Assets\\StreamingAssets\\Renegadeware","Assets\\Third Party","Assets\\Third Party\\LoLSimpleJSON","Assets\\Third Party\\LoLSimpleJSON\\Plugins","Assets\\WebGLTemplates","Assets\\WebGLTemplates\\lol-template","Library\\PackageCache\\com.unity.collab-proxy@1.2.16","Library\\PackageCache\\com.unity.ext.nunit@1.0.0","Library\\PackageCache\\com.unity.ide.vscode@1.1.4","Library\\PackageCache\\com.unity.postprocessing@2.1.7","Library\\PackageCache\\com.unity.test-framework@1.0.18","Library\\PackageCache\\com.unity.textmeshpro@2.0.1"]}